,last_movement_date,courier_id,action,reason
0,2024-05-21,168484744,BLOCK,LATE_UNBOOKINGS
1,2024-06-03,167777329,BLOCK,LATE_UNBOOKINGS
2,2024-05-21,167728803,BLOCK,COURIER_NOT_MOVING
3,2024-06-04,161061807,BLOCK,COURIER_NOT_MOVING
4,2024-05-28,157892256,BLOCK,COURIER_NOT_MOVING
5,2024-05-21,168007820,BLOCK,COURIER_NOT_MOVING
6,2024-06-06,166389994,BLOCK,NO_SHOWS
7,2024-05-25,168892320,BLOCK,REASSIGNMENTS
8,2024-05-14,167806973,BLOCK,NO_SHOWS
9,2024-05-31,168484489,BLOCK,NO_SHOWS
10,2024-05-14,167721492,BLOCK,LATE_UNBOOKINGS
11,2024-06-04,163030546,BLOCK,NO_SHOWS
12,2024-05-19,161911950,BLOCK,NO_SHOWS
13,2024-05-21,153278451,BLOCK,NO_SHOWS
14,2024-05-28,161224272,BLOCK,COURIER_NOT_MOVING
15,2024-05-31,163363890,BLOCK,REASSIGNMENTS
16,2024-05-28,150833893,BLOCK,COURIER_NOT_MOVING
17,2024-05-14,150833846,BLOCK,LATE_UNBOOKINGS
18,2024-05-28,166136653,BLOCK,COURIER_NOT_MOVING
19,2024-06-03,168397128,BLOCK,NO_SHOWS
20,2024-05-21,168185208,BLOCK,LATE_UNBOOKINGS
21,2024-05-19,166390540,BLOCK,REASSIGNMENTS
22,2024-05-28,161911950,BLOCK,NO_SHOWS
23,2024-05-26,167812600,BLOCK,LATE_UNBOOKINGS
24,2024-05-14,153694513,BLOCK,NO_SHOWS
25,2024-05-16,168015391,BLOCK,NO_SHOWS
26,2024-05-14,168484744,BLOCK,LATE_UNBOOKINGS
27,2024-06-03,164365732,BLOCK,COURIER_NOT_MOVING
28,2024-05-21,160297030,BLOCK,COURIER_NOT_MOVING
29,2024-05-19,166391094,BLOCK,LATE_UNBOOKINGS
30,2024-05-21,161224272,BLOCK,COURIER_NOT_MOVING
31,2024-05-21,166436091,BLOCK,COURIER_NOT_MOVING
32,2024-05-14,167764387,BLOCK,LATE_UNBOOKINGS
33,2024-06-04,157412603,BLOCK,COURIER_NOT_MOVING
34,2024-05-30,164819745,BLOCK,COURIER_NOT_MOVING
35,2024-05-21,167805981,BLOCK,LATE_UNBOOKINGS
36,2024-05-27,168203960,BLOCK,COURIER_NOT_MOVING
37,2024-05-31,167805972,BLOCK,NO_SHOWS
38,2024-05-16,167855592,BLOCK,NO_SHOWS
39,2024-05-21,163363890,BLOCK,REASSIGNMENTS
40,2024-06-01,164816149,BLOCK,NO_SHOWS
41,2024-05-21,163030418,BLOCK,LATE_UNBOOKINGS
42,2024-05-25,159523840,BLOCK,LATE_UNBOOKINGS
43,2024-05-29,166391094,BLOCK,LATE_UNBOOKINGS
44,2024-06-03,167851224,BLOCK,LATE_UNBOOKINGS
45,2024-05-16,167805972,BLOCK,NO_SHOWS
46,2024-06-04,151382562,BLOCK,COURIER_NOT_MOVING
47,2024-05-14,163363890,BLOCK,REASSIGNMENTS
48,2024-06-05,169560493,BLOCK,LATE_UNBOOKINGS
49,2024-05-21,157412603,BLOCK,COURIER_NOT_MOVING
50,2024-06-06,166433890,BLOCK,NO_SHOWS
51,2024-05-28,157412603,BLOCK,COURIER_NOT_MOVING
52,2024-05-21,167855599,BLOCK,COURIER_NOT_MOVING
53,2024-05-25,164818826,BLOCK,COURIER_NOT_MOVING
54,2024-05-21,166136653,BLOCK,COURIER_NOT_MOVING
55,2024-05-21,168003488,BLOCK,COURIER_NOT_MOVING
56,2024-05-14,168003479,BLOCK,LATE_UNBOOKINGS
57,2024-05-21,163919026,BLOCK,LATE_UNBOOKINGS
58,2024-05-21,167812606,BLOCK,COURIER_NOT_MOVING
59,2024-06-04,146724715,BLOCK,COURIER_NOT_MOVING
60,2024-05-21,166436322,BLOCK,COURIER_NOT_MOVING
61,2024-05-25,151253854,BLOCK,LATE_UNBOOKINGS
62,2024-06-04,161224272,BLOCK,COURIER_NOT_MOVING
63,2024-05-30,168003488,BLOCK,COURIER_NOT_MOVING
64,2024-05-26,167721496,BLOCK,COURIER_NOT_MOVING
65,2024-05-28,161122829,BLOCK,COURIER_NOT_MOVING
66,2024-05-25,165784947,BLOCK,NO_SHOWS
67,2024-06-01,168203965,BLOCK,NO_SHOWS
68,2024-05-30,167812606,BLOCK,COURIER_NOT_MOVING
69,2024-05-14,146723416,BLOCK,LATE_UNBOOKINGS
70,2024-06-01,167806973,BLOCK,NO_SHOWS
71,2024-05-25,150833656,BLOCK,LATE_UNBOOKINGS
72,2024-05-27,167962547,BLOCK,LATE_UNBOOKINGS
73,2024-05-14,167805969,BLOCK,LATE_UNBOOKINGS
74,2024-05-21,150833568,BLOCK,REASSIGNMENTS
75,2024-05-16,166190318,BLOCK,NO_SHOWS
76,2024-05-14,167475990,BLOCK,LATE_UNBOOKINGS
77,2024-05-21,163363171,BLOCK,LATE_UNBOOKINGS
78,2024-06-04,167721496,BLOCK,COURIER_NOT_MOVING
79,2024-05-21,164819486,BLOCK,COURIER_NOT_MOVING
80,2024-05-26,168016050,BLOCK,LATE_UNBOOKINGS
81,2024-05-14,150833914,BLOCK,LATE_UNBOOKINGS
82,2024-05-14,160293001,BLOCK,NO_SHOWS
83,2024-06-04,168203960,BLOCK,COURIER_NOT_MOVING
84,2024-05-14,124486514,BLOCK,LATE_UNBOOKINGS
85,2024-05-16,167806972,BLOCK,NO_SHOWS
86,2024-06-08,160585577,BLOCK,REASSIGNMENTS
87,2024-05-21,163039669,BLOCK,LATE_UNBOOKINGS
88,2024-06-04,166136653,BLOCK,COURIER_NOT_MOVING
89,2024-05-19,164820635,BLOCK,LATE_UNBOOKINGS
90,2024-05-31,127349481,BLOCK,LATE_UNBOOKINGS
91,2024-06-01,164818826,BLOCK,COURIER_NOT_MOVING
92,2024-05-19,151254300,BLOCK,LATE_UNBOOKINGS
93,2024-05-19,127349481,BLOCK,LATE_UNBOOKINGS
94,2024-05-21,165738741,BLOCK,COURIER_NOT_MOVING
95,2024-05-14,166192941,BLOCK,LATE_UNBOOKINGS
96,2024-05-25,165738709,BLOCK,NO_SHOWS
97,2024-05-14,168010449,BLOCK,NO_SHOWS
98,2024-05-21,163032676,BLOCK,LATE_UNBOOKINGS
99,2024-05-29,146724715,BLOCK,COURIER_NOT_MOVING
100,2024-05-30,168010187,BLOCK,NO_SHOWS
101,2024-05-27,167777316,BLOCK,COURIER_NOT_MOVING
102,2024-05-21,168010852,BLOCK,COURIER_NOT_MOVING
103,2024-05-14,168003502,BLOCK,LATE_UNBOOKINGS
104,2024-05-21,168489811,BLOCK,NO_SHOWS
105,2024-05-21,167815114,BLOCK,LATE_UNBOOKINGS
106,2024-06-08,167475994,BLOCK,NO_SHOWS
107,2024-05-28,164819486,BLOCK,COURIER_NOT_MOVING
108,2024-05-14,116534785,BLOCK,LATE_UNBOOKINGS
109,2024-05-25,168534757,BLOCK,LATE_UNBOOKINGS
110,2024-05-28,165739342,BLOCK,COURIER_NOT_MOVING
111,2024-06-04,167727762,BLOCK,COURIER_NOT_MOVING
112,2024-05-30,167859529,BLOCK,NO_SHOWS
113,2024-05-29,168397146,BLOCK,NO_SHOWS
114,2024-05-28,168489812,BLOCK,NO_SHOWS
115,2024-05-28,150833722,BLOCK,COURIER_NOT_MOVING
116,2024-05-27,166156250,BLOCK,LATE_UNBOOKINGS
117,2024-05-14,168012018,BLOCK,NO_SHOWS
118,2024-05-26,166438224,BLOCK,NO_SHOWS
119,2024-05-18,165277282,BLOCK,NO_SHOWS
120,2024-05-14,167815114,BLOCK,LATE_UNBOOKINGS
121,2024-05-28,168546835,BLOCK,COURIER_NOT_MOVING
122,2024-05-23,169207327,BLOCK,NO_SHOWS
123,2024-05-28,140285274,BLOCK,COURIER_NOT_MOVING
124,2024-06-05,124592407,BLOCK,REASSIGNMENTS
125,2024-05-26,150811503,BLOCK,LATE_UNBOOKINGS
126,2024-05-21,140285274,BLOCK,COURIER_NOT_MOVING
127,2024-05-25,168398539,BLOCK,REASSIGNMENTS
128,2024-05-27,166438222,BLOCK,COURIER_NOT_MOVING
129,2024-05-27,162517047,BLOCK,NO_SHOWS
130,2024-05-19,168489812,BLOCK,NO_SHOWS
131,2024-06-06,168016038,BLOCK,LATE_UNBOOKINGS
132,2024-05-21,168397146,BLOCK,NO_SHOWS
133,2024-05-21,165739342,BLOCK,COURIER_NOT_MOVING
134,2024-05-14,168489811,BLOCK,NO_SHOWS
135,2024-05-21,166191031,BLOCK,COURIER_NOT_MOVING
136,2024-05-21,168398421,BLOCK,LATE_UNBOOKINGS
137,2024-06-03,168484493,TEMPORARY_BLOCK,NO_SHOWS
138,2024-06-03,163907351,TEMPORARY_BLOCK,NO_SHOWS
139,2024-05-31,151841154,TEMPORARY_BLOCK,NO_SHOWS
140,2024-05-14,168397146,TEMPORARY_BLOCK,NO_SHOWS
141,2024-06-05,169205564,TEMPORARY_BLOCK,NO_SHOWS
142,2024-06-04,158309412,TEMPORARY_BLOCK,NO_SHOWS
143,2024-05-31,166433890,TEMPORARY_BLOCK,NO_SHOWS
144,2024-05-28,167727762,TEMPORARY_BLOCK,COURIER_NOT_MOVING
145,2024-05-30,169560493,TEMPORARY_BLOCK,LATE_UNBOOKINGS
146,2024-05-12,158309412,TEMPORARY_BLOCK,NO_SHOWS
147,2024-05-29,167851224,TEMPORARY_BLOCK,LATE_UNBOOKINGS
148,2024-05-28,161115227,TEMPORARY_BLOCK,NO_SHOWS
149,2024-05-29,160585577,TEMPORARY_BLOCK,REASSIGNMENTS
150,2024-05-14,127349481,TEMPORARY_BLOCK,LATE_UNBOOKINGS
151,2024-05-14,167777309,TEMPORARY_BLOCK,LATE_UNBOOKINGS
152,2024-05-14,168398539,TEMPORARY_BLOCK,REASSIGNMENTS
153,2024-05-21,168839106,TEMPORARY_BLOCK,LATE_UNBOOKINGS
154,2024-05-21,168015396,TEMPORARY_BLOCK,NO_SHOWS
155,2024-05-14,150833587,TEMPORARY_BLOCK,LATE_UNBOOKINGS
156,2024-05-14,163363171,TEMPORARY_BLOCK,LATE_UNBOOKINGS
157,2024-05-14,169205553,TEMPORARY_BLOCK,NO_SHOWS
158,2024-06-03,167475994,TEMPORARY_BLOCK,NO_SHOWS
159,2024-05-21,164816149,TEMPORARY_BLOCK,NO_SHOWS
160,2024-05-14,168398421,TEMPORARY_BLOCK,LATE_UNBOOKINGS
161,2024-05-16,168534757,TEMPORARY_BLOCK,LATE_UNBOOKINGS
162,2024-05-14,168489812,TEMPORARY_BLOCK,NO_SHOWS
163,2024-05-14,168203965,TEMPORARY_BLOCK,NO_SHOWS
164,2024-05-31,168016038,TEMPORARY_BLOCK,LATE_UNBOOKINGS
165,2024-05-27,166389994,TEMPORARY_BLOCK,NO_SHOWS
166,2024-05-28,161414737,TEMPORARY_BLOCK,COURIER_NOT_MOVING
167,2024-06-01,161272012,TEMPORARY_BLOCK,NO_SHOWS
168,2024-06-08,167812597,TEMPORARY_BLOCK,NO_SHOWS
169,2024-05-19,165738709,TEMPORARY_BLOCK,NO_SHOWS
170,2024-05-21,166156250,TEMPORARY_BLOCK,LATE_UNBOOKINGS
171,2024-05-14,167764379,TEMPORARY_BLOCK,LATE_UNBOOKINGS
172,2024-05-21,166504978,TEMPORARY_BLOCK,COURIER_NOT_MOVING
173,2024-05-21,168203960,TEMPORARY_BLOCK,COURIER_NOT_MOVING
174,2024-05-19,151847382,TEMPORARY_BLOCK,LATE_UNBOOKINGS
175,2024-05-14,166390540,TEMPORARY_BLOCK,REASSIGNMENTS
176,2024-05-16,166438224,TEMPORARY_BLOCK,NO_SHOWS
177,2024-05-21,161271308,TEMPORARY_BLOCK,LATE_UNBOOKINGS
178,2024-06-03,156008106,TEMPORARY_BLOCK,NO_SHOWS
179,2024-05-21,159523840,TEMPORARY_BLOCK,LATE_UNBOOKINGS
180,2024-05-26,168398541,TEMPORARY_BLOCK,LATE_UNBOOKINGS
181,2024-05-21,168016050,TEMPORARY_BLOCK,LATE_UNBOOKINGS
182,2024-05-19,168010181,TEMPORARY_BLOCK,LATE_UNBOOKINGS
183,2024-05-21,167962547,TEMPORARY_BLOCK,LATE_UNBOOKINGS
184,2024-06-04,166438221,TEMPORARY_BLOCK,NO_SHOWS
185,2024-05-17,168397128,TEMPORARY_BLOCK,NO_SHOWS
186,2024-05-14,167805984,TEMPORARY_BLOCK,LATE_UNBOOKINGS
187,2024-05-30,163911194,TEMPORARY_BLOCK,LATE_UNBOOKINGS
188,2024-05-21,168397117,TEMPORARY_BLOCK,NO_SHOWS
189,2024-05-16,150833729,TEMPORARY_BLOCK,REASSIGNMENTS
190,2024-05-27,169945224,TEMPORARY_BLOCK,NO_SHOWS
191,2024-05-26,168484489,TEMPORARY_BLOCK,NO_SHOWS
192,2024-05-19,150811503,TEMPORARY_BLOCK,LATE_UNBOOKINGS
193,2024-06-01,168891604,TEMPORARY_BLOCK,NO_SHOWS
194,2024-06-03,116534785,TEMPORARY_BLOCK,REASSIGNMENTS
195,2024-05-29,170295439,TEMPORARY_BLOCK,REASSIGNMENTS
196,2024-05-31,150833772,TEMPORARY_BLOCK,LATE_UNBOOKINGS
197,2024-05-14,150833946,TEMPORARY_BLOCK,LATE_UNBOOKINGS
198,2024-05-25,168076558,TEMPORARY_BLOCK,LATE_UNBOOKINGS
199,2024-06-04,163415767,TEMPORARY_BLOCK,COURIER_NOT_MOVING
200,2024-05-17,168010187,TEMPORARY_BLOCK,NO_SHOWS
201,2024-06-03,167727761,TEMPORARY_BLOCK,NO_SHOWS
202,2024-05-14,161911950,TEMPORARY_BLOCK,NO_SHOWS
203,2024-05-27,167815113,TEMPORARY_BLOCK,COURIER_NOT_MOVING
204,2024-05-28,150833848,TEMPORARY_BLOCK,COURIER_NOT_MOVING
205,2024-06-01,151199488,TEMPORARY_BLOCK,LATE_UNBOOKINGS
206,2024-05-26,158371899,TEMPORARY_BLOCK,LATE_UNBOOKINGS
207,2024-06-01,162430594,TEMPORARY_BLOCK,COURIER_NOT_MOVING
208,2024-05-17,169207327,TEMPORARY_BLOCK,NO_SHOWS
209,2024-05-29,161061807,TEMPORARY_BLOCK,COURIER_NOT_MOVING
210,2024-05-19,162517047,TEMPORARY_BLOCK,NO_SHOWS
211,2024-05-14,153278451,TEMPORARY_BLOCK,NO_SHOWS
212,2024-05-30,168891598,TEMPORARY_BLOCK,NO_SHOWS
213,2024-05-30,167805975,TEMPORARY_BLOCK,NO_SHOWS
214,2024-05-21,167859529,TEMPORARY_BLOCK,NO_SHOWS
215,2024-05-21,167812600,TEMPORARY_BLOCK,LATE_UNBOOKINGS
216,2024-06-03,166433892,TEMPORARY_BLOCK,LATE_UNBOOKINGS
217,2024-06-05,167859542,TEMPORARY_BLOCK,REASSIGNMENTS
218,2024-05-21,161122829,TEMPORARY_BLOCK,COURIER_NOT_MOVING
219,2024-05-21,163030356,TEMPORARY_BLOCK,NO_SHOWS
220,2024-05-17,166195081,TEMPORARY_BLOCK,NO_SHOWS
221,2024-05-19,166390663,TEMPORARY_BLOCK,LATE_UNBOOKINGS
222,2024-05-21,162618084,TEMPORARY_BLOCK,LATE_UNBOOKINGS
223,2024-05-14,150833656,TEMPORARY_BLOCK,LATE_UNBOOKINGS
224,2024-05-21,144922025,TEMPORARY_BLOCK,LATE_UNBOOKINGS
225,2024-05-14,168892322,TEMPORARY_BLOCK,NO_SHOWS
226,2024-06-04,165059400,TEMPORARY_BLOCK,NO_SHOWS
227,2024-05-21,160587071,TEMPORARY_BLOCK,LATE_UNBOOKINGS
228,2024-05-21,167812596,TEMPORARY_BLOCK,LATE_UNBOOKINGS
229,2024-05-27,169205537,TEMPORARY_BLOCK,COURIER_NOT_MOVING
230,2024-05-14,166010685,TEMPORARY_BLOCK,NO_SHOWS
231,2024-05-23,168016035,TEMPORARY_BLOCK,LATE_UNBOOKINGS
232,2024-05-25,161157619,TEMPORARY_BLOCK,LATE_UNBOOKINGS
233,2024-05-21,168397150,TEMPORARY_BLOCK,LATE_UNBOOKINGS
234,2024-05-30,168892521,TEMPORARY_BLOCK,NO_SHOWS
235,2024-05-31,167857045,TEMPORARY_BLOCK,LATE_UNBOOKINGS
236,2024-05-30,157892546,TEMPORARY_BLOCK,COURIER_NOT_MOVING
237,2024-05-19,151253854,TEMPORARY_BLOCK,LATE_UNBOOKINGS
238,2024-05-23,168016034,TEMPORARY_BLOCK,LATE_UNBOOKINGS
239,2024-06-01,140981260,TEMPORARY_BLOCK,REASSIGNMENTS
240,2024-05-23,161348828,TEMPORARY_BLOCK,NO_SHOWS
241,2024-05-14,166158216,TEMPORARY_BLOCK,LATE_UNBOOKINGS
242,2024-05-21,168010169,TEMPORARY_BLOCK,LATE_UNBOOKINGS
243,2024-05-21,133343972,TEMPORARY_BLOCK,REASSIGNMENTS
244,2024-05-14,168016030,TEMPORARY_BLOCK,NO_SHOWS
245,2024-06-06,161143571,TEMPORARY_BLOCK,NO_SHOWS
246,2024-05-14,151255884,TEMPORARY_BLOCK,LATE_UNBOOKINGS
247,2024-05-16,162920235,TEMPORARY_BLOCK,NO_SHOWS
248,2024-05-19,168699924,TEMPORARY_BLOCK,COURIER_NOT_MOVING
249,2024-05-28,164365732,TEMPORARY_BLOCK,COURIER_NOT_MOVING
250,2024-05-28,164442457,TEMPORARY_BLOCK,COURIER_NOT_MOVING
251,2024-05-16,167815118,TEMPORARY_BLOCK,NO_SHOWS
252,2024-05-28,137055014,TEMPORARY_BLOCK,COURIER_NOT_MOVING
253,2024-05-14,168892320,TEMPORARY_BLOCK,REASSIGNMENTS
254,2024-05-23,169207328,TEMPORARY_BLOCK,NO_SHOWS
255,2024-05-26,168016036,TEMPORARY_BLOCK,LATE_UNBOOKINGS
256,2024-06-06,164817873,TEMPORARY_BLOCK,NO_SHOWS
257,2024-05-28,163415767,TEMPORARY_BLOCK,COURIER_NOT_MOVING
258,2024-05-27,167777329,TEMPORARY_BLOCK,LATE_UNBOOKINGS
259,2024-05-25,150825744,TEMPORARY_BLOCK,LATE_UNBOOKINGS
260,2024-05-27,168016037,TEMPORARY_BLOCK,LATE_UNBOOKINGS
261,2024-05-30,168016048,TEMPORARY_BLOCK,NO_SHOWS
262,2024-06-05,167777321,TEMPORARY_BLOCK,NO_SHOWS
263,2024-05-14,147123707,TEMPORARY_BLOCK,LATE_UNBOOKINGS
264,2024-05-21,145516681,TEMPORARY_BLOCK,COURIER_NOT_MOVING
265,2024-05-19,168016033,TEMPORARY_BLOCK,LATE_UNBOOKINGS
266,2024-06-04,169563050,TEMPORARY_BLOCK,NO_SHOWS
267,2024-06-04,161338201,TEMPORARY_BLOCK,NO_SHOWS
268,2024-05-24,169564156,WARN,NO_SHOWS
269,2024-06-06,167727759,WARN,LATE_UNBOOKINGS
270,2024-06-02,164821299,WARN,NO_SHOWS
271,2024-06-04,164228245,WARN,NO_SHOWS
272,2024-06-02,169526950,WARN,NO_SHOWS
273,2024-05-22,167805979,WARN,NO_SHOWS
274,2024-05-30,166433896,WARN,NO_SHOWS
275,2024-05-27,162430594,WARN,COURIER_NOT_MOVING
276,2024-05-14,162618084,WARN,LATE_UNBOOKINGS
277,2024-05-17,169529683,WARN,NO_SHOWS
278,2024-06-06,170590543,WARN,LATE_UNBOOKINGS
279,2024-05-31,168891600,WARN,LATE_UNBOOKINGS
280,2024-05-29,167475994,WARN,NO_SHOWS
281,2024-05-16,168489804,WARN,LATE_UNBOOKINGS
282,2024-06-04,169605657,WARN,LATE_UNBOOKINGS
283,2024-05-21,165741251,WARN,LATE_UNBOOKINGS
284,2024-05-21,168016038,WARN,LATE_UNBOOKINGS
285,2024-05-23,167849584,WARN,REASSIGNMENTS
286,2024-06-08,163363126,WARN,NO_SHOWS
287,2024-05-26,169829954,WARN,NO_SHOWS
288,2024-05-16,168891598,WARN,NO_SHOWS
289,2024-06-01,164817873,WARN,NO_SHOWS
290,2024-05-16,169560485,WARN,NO_SHOWS
291,2024-06-06,170609266,WARN,NO_SHOWS
292,2024-05-16,168015396,WARN,NO_SHOWS
293,2024-05-25,168397121,WARN,LATE_UNBOOKINGS
294,2024-05-23,169945225,WARN,COURIER_NOT_MOVING
295,2024-06-06,151346681,WARN,LATE_UNBOOKINGS
296,2024-06-05,166155688,WARN,NO_SHOWS
297,2024-05-13,167805975,WARN,NO_SHOWS
298,2024-05-26,168016038,WARN,LATE_UNBOOKINGS
299,2024-05-31,129631005,WARN,COURIER_NOT_MOVING
300,2024-05-17,166389994,WARN,NO_SHOWS
301,2024-05-14,168492705,WARN,NO_SHOWS
302,2024-05-31,150833817,WARN,NO_SHOWS
303,2024-05-29,170296204,WARN,NO_SHOWS
304,2024-05-25,168892521,WARN,NO_SHOWS
305,2024-06-05,166192640,WARN,NO_SHOWS
306,2024-05-21,168891598,WARN,NO_SHOWS
307,2024-05-17,168534133,WARN,NO_SHOWS
308,2024-06-08,167475992,WARN,NO_SHOWS
309,2024-06-08,165061022,WARN,COURIER_NOT_MOVING
310,2024-06-05,170644246,WARN,NO_SHOWS
311,2024-06-01,166158885,WARN,NO_SHOWS
312,2024-06-06,168891602,WARN,COURIER_NOT_MOVING
313,2024-06-07,170254063,WARN,COURIER_NOT_MOVING
314,2024-05-13,168003476,WARN,LATE_UNBOOKINGS
315,2024-05-28,170254066,WARN,LATE_UNBOOKINGS
316,2024-06-07,168397142,WARN,COURIER_NOT_MOVING
317,2024-05-18,168016036,WARN,LATE_UNBOOKINGS
318,2024-05-29,167849580,WARN,NO_SHOWS
319,2024-06-01,168201513,WARN,NO_SHOWS
320,2024-06-03,167859541,WARN,LATE_UNBOOKINGS
321,2024-05-14,168484743,WARN,LATE_UNBOOKINGS
322,2024-05-19,150833772,WARN,LATE_UNBOOKINGS
323,2024-05-13,169526819,WARN,NO_SHOWS
324,2024-06-03,150833778,WARN,LATE_UNBOOKINGS
325,2024-05-15,165108987,WARN,NO_SHOWS
326,2024-05-12,165277282,WARN,NO_SHOWS
327,2024-05-28,170253681,WARN,NO_SHOWS
328,2024-05-26,167764375,WARN,NO_SHOWS
329,2024-05-27,151255984,WARN,LATE_UNBOOKINGS
330,2024-05-19,168492141,WARN,NO_SHOWS
331,2024-05-28,170261349,WARN,NO_SHOWS
332,2024-05-12,167735489,WARN,NO_SHOWS
333,2024-05-27,169565071,WARN,NO_SHOWS
334,2024-06-01,146726379,WARN,LATE_UNBOOKINGS
335,2024-06-03,160806476,WARN,REASSIGNMENTS
336,2024-05-21,166090441,WARN,LATE_UNBOOKINGS
337,2024-05-26,165278957,WARN,REASSIGNMENTS
338,2024-05-26,169564171,WARN,NO_SHOWS
339,2024-05-16,161728789,WARN,COURIER_NOT_MOVING
340,2024-05-28,170253671,WARN,NO_SHOWS
341,2024-05-29,161338201,WARN,NO_SHOWS
342,2024-06-01,169205549,WARN,NO_SHOWS
343,2024-05-22,169826738,WARN,NO_SHOWS
344,2024-06-03,162595749,WARN,LATE_UNBOOKINGS
345,2024-06-04,170253671,WARN,NO_SHOWS
346,2024-05-14,168397140,WARN,NO_SHOWS
347,2024-05-22,169564880,WARN,LATE_UNBOOKINGS
348,2024-05-25,168534128,WARN,NO_SHOWS
349,2024-05-21,168482673,WARN,REASSIGNMENTS
350,2024-05-29,166391291,WARN,COURIER_NOT_MOVING
351,2024-06-05,170598691,WARN,NO_SHOWS
352,2024-05-21,149098590,WARN,LATE_UNBOOKINGS
353,2024-05-16,168482673,WARN,REASSIGNMENTS
354,2024-06-05,170590541,WARN,COURIER_NOT_MOVING
355,2024-05-21,157558049,WARN,NO_SHOWS
356,2024-05-14,169564170,WARN,NO_SHOWS
357,2024-05-29,151259503,WARN,COURIER_NOT_MOVING
358,2024-06-05,170590558,WARN,NO_SHOWS
359,2024-05-21,163030626,WARN,NO_SHOWS
360,2024-05-27,167765692,WARN,REASSIGNMENTS
361,2024-06-05,170612878,WARN,NO_SHOWS
362,2024-05-17,168480272,WARN,REASSIGNMENTS
363,2024-05-19,161061807,WARN,COURIER_NOT_MOVING
364,2024-06-08,168496309,WARN,REASSIGNMENTS
365,2024-05-17,169564876,WARN,NO_SHOWS
366,2024-05-24,169564169,WARN,NO_SHOWS
367,2024-06-07,170594195,WARN,COURIER_NOT_MOVING
368,2024-06-08,169945221,WARN,NO_SHOWS
369,2024-05-17,150833722,WARN,COURIER_NOT_MOVING
370,2024-05-15,166156183,WARN,COURIER_NOT_MOVING
371,2024-05-21,145474838,WARN,LATE_UNBOOKINGS
372,2024-05-18,169152747,WARN,NO_SHOWS
373,2024-05-15,167815596,WARN,NO_SHOWS
374,2024-06-04,128091865,WARN,LATE_UNBOOKINGS
375,2024-06-08,150833943,WARN,NO_SHOWS
376,2024-05-22,163360772,WARN,COURIER_NOT_MOVING
377,2024-05-24,168397131,WARN,COURIER_NOT_MOVING
378,2024-06-04,168491693,WARN,NO_SHOWS
379,2024-06-08,170590554,WARN,NO_SHOWS
380,2024-05-14,167727762,WARN,COURIER_NOT_MOVING
381,2024-05-21,168484493,WARN,NO_SHOWS
382,2024-05-31,160588906,WARN,LATE_UNBOOKINGS
383,2024-06-06,170430098,WARN,NO_SHOWS
384,2024-05-31,166575989,WARN,NO_SHOWS
385,2024-06-03,169205548,WARN,NO_SHOWS
386,2024-05-24,168491693,WARN,NO_SHOWS
387,2024-06-06,164679381,WARN,LATE_UNBOOKINGS
388,2024-06-05,169945234,WARN,NO_SHOWS
389,2024-05-14,168016039,WARN,REASSIGNMENTS
390,2024-05-21,154156067,WARN,NO_SHOWS
391,2024-05-30,170253659,WARN,NO_SHOWS
392,2024-05-30,168491693,WARN,NO_SHOWS
393,2024-05-27,145512035,WARN,NO_SHOWS
394,2024-05-25,168200014,WARN,NO_SHOWS
395,2024-05-19,166355427,WARN,REASSIGNMENTS
396,2024-05-21,156008106,WARN,NO_SHOWS
397,2024-05-27,169205548,WARN,NO_SHOWS
398,2024-05-26,124592407,WARN,REASSIGNMENTS
399,2024-05-18,167817652,WARN,NO_SHOWS
400,2024-05-21,169898651,WARN,LATE_UNBOOKINGS
401,2024-05-30,170295459,WARN,NO_SHOWS
402,2024-05-22,169946504,WARN,LATE_UNBOOKINGS
403,2024-06-08,168489802,WARN,NO_SHOWS
404,2024-05-28,170176442,WARN,AUTO_ASSIGNMENT_OFF
405,2024-05-16,155123000,WARN,LATE_UNBOOKINGS
406,2024-05-18,168546835,WARN,COURIER_NOT_MOVING
407,2024-05-26,157558049,WARN,NO_SHOWS
408,2024-05-14,150122173,WARN,LATE_UNBOOKINGS
409,2024-05-25,167855594,WARN,NO_SHOWS
410,2024-06-02,165738741,WARN,COURIER_NOT_MOVING
411,2024-05-29,124595363,WARN,NO_SHOWS
412,2024-05-25,160585742,WARN,REASSIGNMENTS
413,2024-05-26,169267607,WARN,NO_SHOWS
414,2024-06-07,167777315,WARN,COURIER_NOT_MOVING
415,2024-05-24,164228245,WARN,NO_SHOWS
416,2024-05-15,166433892,WARN,LATE_UNBOOKINGS
417,2024-05-22,160806476,WARN,REASSIGNMENTS
418,2024-05-15,167859529,WARN,NO_SHOWS
419,2024-06-07,170609264,WARN,AUTO_ASSIGNMENT_OFF
420,2024-05-29,168484487,WARN,NO_SHOWS
421,2024-05-29,170295456,WARN,NO_SHOWS
422,2024-06-04,170590562,WARN,NO_SHOWS
423,2024-06-07,152756530,WARN,NO_SHOWS
424,2024-05-29,170295461,WARN,NO_SHOWS
425,2024-06-06,151783795,WARN,NO_SHOWS
426,2024-05-14,167849590,WARN,LATE_UNBOOKINGS
427,2024-05-31,162977162,WARN,NO_SHOWS
428,2024-05-12,168839103,WARN,NO_SHOWS
429,2024-05-31,168891597,WARN,NO_SHOWS
430,2024-05-27,169564615,WARN,NO_SHOWS
431,2024-06-06,168011871,WARN,NO_SHOWS
432,2024-06-02,157953079,WARN,COURIER_NOT_MOVING
433,2024-05-29,170261338,WARN,NO_SHOWS
434,2024-05-25,167777321,WARN,NO_SHOWS
435,2024-06-06,150833846,WARN,LATE_UNBOOKINGS
436,2024-05-25,169205566,WARN,NO_SHOWS
437,2024-05-21,169205544,WARN,LATE_UNBOOKINGS
438,2024-05-31,165278957,WARN,REASSIGNMENTS
439,2024-05-24,161061807,WARN,COURIER_NOT_MOVING
440,2024-06-04,159627313,WARN,NO_SHOWS
441,2024-05-18,167809503,WARN,NO_SHOWS
442,2024-06-01,163413685,WARN,NO_SHOWS
443,2024-05-12,168891600,WARN,LATE_UNBOOKINGS
444,2024-06-06,167849591,WARN,NO_SHOWS
445,2024-05-13,164365732,WARN,COURIER_NOT_MOVING
446,2024-06-06,165154540,WARN,LATE_UNBOOKINGS
447,2024-05-12,169205570,WARN,LATE_UNBOOKINGS
448,2024-06-07,169945219,WARN,LATE_UNBOOKINGS
449,2024-05-14,167728800,WARN,NO_SHOWS
450,2024-06-06,169560683,WARN,NO_SHOWS
451,2024-06-02,163413588,WARN,LATE_UNBOOKINGS
452,2024-05-28,170261342,WARN,NO_SHOWS
453,2024-05-27,168203955,WARN,REASSIGNMENTS
454,2024-06-06,170643796,WARN,COURIER_NOT_MOVING
455,2024-05-15,153691081,WARN,NO_SHOWS
456,2024-05-22,167777307,WARN,LATE_UNBOOKINGS
457,2024-05-31,167734343,WARN,NO_SHOWS
458,2024-05-12,167777315,WARN,COURIER_NOT_MOVING
459,2024-05-19,164365597,WARN,NO_SHOWS
460,2024-05-17,169564156,WARN,NO_SHOWS
461,2024-06-05,168194246,WARN,NO_SHOWS
462,2024-05-31,169945234,WARN,NO_SHOWS
463,2024-06-08,168003495,WARN,NO_SHOWS
464,2024-05-25,164821299,WARN,NO_SHOWS
465,2024-06-05,163361228,WARN,NO_SHOWS
466,2024-05-23,169767666,WARN,LATE_UNBOOKINGS
467,2024-05-22,168011871,WARN,NO_SHOWS
468,2024-06-08,170598701,WARN,NO_SHOWS
469,2024-05-21,169565071,WARN,NO_SHOWS
470,2024-06-01,168484486,WARN,COURIER_NOT_MOVING
471,2024-05-22,167777329,WARN,LATE_UNBOOKINGS
472,2024-05-15,169605657,WARN,LATE_UNBOOKINGS
473,2024-06-01,167727745,WARN,COURIER_NOT_MOVING
474,2024-05-30,170253682,WARN,NO_SHOWS
475,2024-06-05,170656679,WARN,NO_SHOWS
476,2024-05-21,167812597,WARN,NO_SHOWS
477,2024-05-25,169528076,WARN,NO_SHOWS
478,2024-06-02,169566587,WARN,NO_SHOWS
479,2024-06-05,168194130,WARN,COURIER_NOT_MOVING
480,2024-05-18,163907351,WARN,NO_SHOWS
481,2024-05-13,169526811,WARN,NO_SHOWS
482,2024-05-21,167764384,WARN,REASSIGNMENTS
483,2024-05-28,164365597,WARN,NO_SHOWS
484,2024-06-04,170609267,WARN,NO_SHOWS
485,2024-06-03,169267607,WARN,NO_SHOWS
486,2024-06-04,170590556,WARN,NO_SHOWS
487,2024-06-01,168076561,WARN,LATE_UNBOOKINGS
488,2024-05-27,169560495,WARN,NO_SHOWS
489,2024-06-03,167849583,WARN,NO_SHOWS
490,2024-05-14,162012947,WARN,LATE_UNBOOKINGS
491,2024-05-21,168016037,WARN,LATE_UNBOOKINGS
492,2024-05-13,163187470,WARN,LATE_UNBOOKINGS
493,2024-06-03,168489806,WARN,NO_SHOWS
494,2024-06-07,150833668,WARN,NO_SHOWS
495,2024-05-27,153989186,WARN,COURIER_NOT_MOVING
496,2024-05-28,168699762,WARN,NO_SHOWS
497,2024-05-15,163030626,WARN,NO_SHOWS
498,2024-06-03,168003502,WARN,NO_SHOWS
499,2024-05-30,153692455,WARN,REASSIGNMENTS
500,2024-06-03,157409033,WARN,LATE_UNBOOKINGS
501,2024-05-15,168484489,WARN,NO_SHOWS
502,2024-05-13,161251624,WARN,LATE_UNBOOKINGS
503,2024-05-16,168891597,WARN,NO_SHOWS
504,2024-05-29,157409033,WARN,LATE_UNBOOKINGS
505,2024-05-15,167764385,WARN,NO_SHOWS
506,2024-05-28,170261331,WARN,LATE_UNBOOKINGS
507,2024-05-16,163030356,WARN,NO_SHOWS
508,2024-06-05,163413632,WARN,NO_SHOWS
509,2024-05-12,169205539,WARN,NO_SHOWS
510,2024-05-14,168003470,WARN,NO_SHOWS
511,2024-05-30,164318873,WARN,NO_SHOWS
512,2024-05-30,170306149,WARN,COURIER_NOT_MOVING
513,2024-06-01,153989186,WARN,COURIER_NOT_MOVING
514,2024-05-15,169564153,WARN,NO_SHOWS
515,2024-05-27,164817873,WARN,NO_SHOWS
516,2024-05-15,166156250,WARN,LATE_UNBOOKINGS
517,2024-06-02,170254063,WARN,COURIER_NOT_MOVING
518,2024-06-05,169205566,WARN,NO_SHOWS
519,2024-05-25,167805975,WARN,NO_SHOWS
520,2024-05-19,167777315,WARN,COURIER_NOT_MOVING
521,2024-05-13,163909066,WARN,LATE_UNBOOKINGS
522,2024-05-17,168534128,WARN,NO_SHOWS
523,2024-05-22,162430594,WARN,COURIER_NOT_MOVING
524,2024-05-28,116534785,WARN,REASSIGNMENTS
525,2024-05-13,164820203,WARN,LATE_UNBOOKINGS
526,2024-05-19,168892521,WARN,NO_SHOWS
527,2024-05-15,150825744,WARN,LATE_UNBOOKINGS
528,2024-06-01,168003470,WARN,NO_SHOWS
529,2024-05-25,169945229,WARN,NO_SHOWS
530,2024-06-05,167860275,WARN,LATE_UNBOOKINGS
531,2024-05-15,160587071,WARN,LATE_UNBOOKINGS
532,2024-06-07,170295461,WARN,NO_SHOWS
533,2024-05-22,169605660,WARN,LATE_UNBOOKINGS
534,2024-05-23,167854833,WARN,REASSIGNMENTS
535,2024-05-27,169563050,WARN,NO_SHOWS
536,2024-05-13,150833772,WARN,LATE_UNBOOKINGS
537,2024-05-31,163361228,WARN,NO_SHOWS
538,2024-06-01,168530452,WARN,REASSIGNMENTS
539,2024-05-24,168016048,WARN,NO_SHOWS
540,2024-05-13,168014531,WARN,LATE_UNBOOKINGS
541,2024-06-05,170430101,WARN,COURIER_NOT_MOVING
542,2024-06-08,168480272,WARN,LATE_UNBOOKINGS
543,2024-05-22,167727759,WARN,NO_SHOWS
544,2024-05-12,161414737,WARN,COURIER_NOT_MOVING
545,2024-05-17,150833784,WARN,LATE_UNBOOKINGS
546,2024-05-13,166193036,WARN,LATE_UNBOOKINGS
547,2024-05-27,169826738,WARN,NO_SHOWS
548,2024-05-12,167777305,WARN,NO_SHOWS
549,2024-05-21,165108987,WARN,NO_SHOWS
550,2024-05-13,169487279,WARN,REASSIGNMENTS
551,2024-05-16,169563051,WARN,NO_SHOWS
552,2024-05-29,170295452,WARN,NO_SHOWS
553,2024-06-04,145512035,WARN,NO_SHOWS
554,2024-05-15,169564877,WARN,LATE_UNBOOKINGS
555,2024-06-04,170598672,WARN,NO_SHOWS
556,2024-05-17,167806975,WARN,NO_SHOWS
557,2024-05-14,159545441,WARN,NO_SHOWS
558,2024-05-22,169945224,WARN,NO_SHOWS
559,2024-06-07,166190318,WARN,NO_SHOWS
560,2024-05-14,150833668,WARN,LATE_UNBOOKINGS
561,2024-05-27,139217475,WARN,NO_SHOWS
562,2024-05-22,159627313,WARN,NO_SHOWS
563,2024-06-06,168201513,WARN,NO_SHOWS
564,2024-05-15,168199241,WARN,NO_SHOWS
565,2024-06-08,170254062,WARN,NO_SHOWS
566,2024-05-31,167728803,WARN,NO_SHOWS
567,2024-06-04,170253676,WARN,NO_SHOWS
568,2024-05-14,161115227,WARN,NO_SHOWS
569,2024-06-07,114680655,WARN,LATE_UNBOOKINGS
570,2024-06-05,170611136,WARN,NO_SHOWS
571,2024-06-02,167815111,WARN,NO_SHOWS
572,2024-05-15,157953079,WARN,LATE_UNBOOKINGS
573,2024-05-13,162401103,WARN,LATE_UNBOOKINGS
574,2024-05-26,163907409,WARN,NO_SHOWS
575,2024-05-15,167852778,WARN,COURIER_NOT_MOVING
576,2024-05-22,166438221,WARN,NO_SHOWS
577,2024-05-28,170261350,WARN,NO_SHOWS
578,2024-05-30,170254064,WARN,NO_SHOWS
579,2024-05-21,167859542,WARN,REASSIGNMENTS
580,2024-05-21,167475994,WARN,NO_SHOWS
581,2024-05-21,163923949,WARN,LATE_UNBOOKINGS
582,2024-06-06,169205562,WARN,COURIER_NOT_MOVING
583,2024-05-12,161240872,WARN,AUTO_ASSIGNMENT_OFF
584,2024-05-12,169207327,WARN,NO_SHOWS
585,2024-06-06,170433747,WARN,REASSIGNMENTS
586,2024-05-28,168482673,WARN,REASSIGNMENTS
587,2024-06-02,167805981,WARN,NO_SHOWS
588,2024-05-22,164442457,WARN,COURIER_NOT_MOVING
589,2024-05-23,162009282,WARN,NO_SHOWS
590,2024-06-08,168005811,WARN,LATE_UNBOOKINGS
591,2024-05-15,163354290,WARN,NO_SHOWS
592,2024-06-01,163363126,WARN,NO_SHOWS
593,2024-06-02,168398544,WARN,COURIER_NOT_MOVING
594,2024-06-08,170253667,WARN,LATE_UNBOOKINGS
595,2024-05-30,169827656,WARN,COURIER_NOT_MOVING
596,2024-05-16,161122829,WARN,COURIER_NOT_MOVING
597,2024-05-19,163415767,WARN,COURIER_NOT_MOVING
598,2024-05-28,167855603,WARN,NO_SHOWS
599,2024-05-16,169205537,WARN,COURIER_NOT_MOVING
600,2024-05-15,115109202,WARN,LATE_UNBOOKINGS
601,2024-05-16,169564174,WARN,LATE_UNBOOKINGS
602,2024-06-03,167475992,WARN,NO_SHOWS
603,2024-05-23,169945218,WARN,NO_SHOWS
604,2024-06-08,163030355,WARN,LATE_UNBOOKINGS
605,2024-06-04,170295456,WARN,NO_SHOWS
606,2024-06-05,166479451,WARN,COURIER_NOT_MOVING
607,2024-05-31,168194246,WARN,NO_SHOWS
608,2024-06-04,170160797,WARN,NO_SHOWS
609,2024-06-06,167721500,WARN,LATE_UNBOOKINGS
610,2024-05-16,161348828,WARN,NO_SHOWS
611,2024-05-29,168480800,WARN,LATE_UNBOOKINGS
612,2024-06-06,166504978,WARN,NO_SHOWS
613,2024-05-27,169478492,WARN,NO_SHOWS
614,2024-05-12,142815827,WARN,COURIER_NOT_MOVING
615,2024-06-02,168003473,WARN,COURIER_NOT_MOVING
616,2024-06-03,122092289,WARN,NO_SHOWS
617,2024-05-31,166449976,WARN,REASSIGNMENTS
618,2024-05-16,165154540,WARN,NO_SHOWS
619,2024-05-21,168484743,WARN,LATE_UNBOOKINGS
620,2024-06-05,168484487,WARN,NO_SHOWS
621,2024-05-31,151346681,WARN,LATE_UNBOOKINGS
622,2024-05-16,160807758,WARN,LATE_UNBOOKINGS
623,2024-06-07,161055707,WARN,NO_SHOWS
624,2024-05-17,158371899,WARN,LATE_UNBOOKINGS
625,2024-05-29,169847753,WARN,NO_SHOWS
626,2024-05-24,167860725,WARN,COURIER_NOT_MOVING
627,2024-05-21,168491909,WARN,COURIER_NOT_MOVING
628,2024-06-07,131976613,WARN,COURIER_NOT_MOVING
629,2024-05-21,161336367,WARN,NO_SHOWS
630,2024-06-06,170609596,WARN,NO_SHOWS
631,2024-06-01,161055707,WARN,NO_SHOWS
632,2024-05-29,169945230,WARN,NO_SHOWS
633,2024-05-13,166044697,WARN,LATE_UNBOOKINGS
634,2024-05-22,141262562,WARN,REASSIGNMENTS
635,2024-06-02,150833579,WARN,REASSIGNMENTS
636,2024-06-05,168012706,WARN,LATE_UNBOOKINGS
637,2024-06-01,169564615,WARN,NO_SHOWS
638,2024-05-31,167777318,WARN,COURIER_NOT_MOVING
639,2024-06-04,168203957,WARN,COURIER_NOT_MOVING
640,2024-05-15,169566587,WARN,NO_SHOWS
641,2024-06-01,166438223,WARN,COURIER_NOT_MOVING
642,2024-05-19,134374111,WARN,LATE_UNBOOKINGS
643,2024-05-28,168489808,WARN,NO_SHOWS
644,2024-05-21,169267606,WARN,NO_SHOWS
645,2024-05-30,168015390,WARN,COURIER_NOT_MOVING
646,2024-05-19,167727762,WARN,COURIER_NOT_MOVING
647,2024-05-22,167815113,WARN,COURIER_NOT_MOVING
648,2024-05-18,157494608,WARN,NO_SHOWS
649,2024-05-23,168490317,WARN,LATE_UNBOOKINGS
650,2024-05-12,166438221,WARN,NO_SHOWS
651,2024-05-17,159529434,WARN,NO_SHOWS
652,2024-06-03,125590129,WARN,NO_SHOWS
653,2024-05-24,161766341,WARN,NO_SHOWS
654,2024-05-29,167475991,WARN,NO_SHOWS
655,2024-05-13,165741251,WARN,LATE_UNBOOKINGS
656,2024-05-29,150833899,WARN,LATE_UNBOOKINGS
657,2024-06-03,124595363,WARN,NO_SHOWS
658,2024-05-15,164442457,WARN,COURIER_NOT_MOVING
659,2024-06-05,170261354,WARN,NO_SHOWS
660,2024-06-07,170714506,WARN,COURIER_NOT_MOVING
661,2024-05-22,164818830,WARN,NO_SHOWS
662,2024-05-28,170261335,WARN,REASSIGNMENTS
663,2024-05-17,151024103,WARN,REASSIGNMENTS
664,2024-05-29,166393119,WARN,LATE_UNBOOKINGS
665,2024-05-31,168010172,WARN,COURIER_NOT_MOVING
666,2024-05-19,167852775,WARN,NO_SHOWS
667,2024-05-31,170433747,WARN,REASSIGNMENTS
668,2024-05-21,169605653,WARN,LATE_UNBOOKINGS
669,2024-05-29,170254060,WARN,NO_SHOWS
670,2024-05-28,168016030,WARN,NO_SHOWS
671,2024-05-28,167849586,WARN,LATE_UNBOOKINGS
672,2024-05-31,124592407,WARN,REASSIGNMENTS
673,2024-05-22,169563050,WARN,NO_SHOWS
674,2024-05-30,167812597,WARN,NO_SHOWS
675,2024-05-26,168010172,WARN,COURIER_NOT_MOVING
676,2024-05-24,168839100,WARN,LATE_UNBOOKINGS
677,2024-05-31,170430098,WARN,NO_SHOWS
678,2024-06-07,170435705,WARN,LATE_UNBOOKINGS
679,2024-05-12,151199475,WARN,LATE_UNBOOKINGS
680,2024-05-16,169605662,WARN,REASSIGNMENTS
681,2024-05-18,164365732,WARN,COURIER_NOT_MOVING
682,2024-05-28,170261584,WARN,NO_SHOWS
683,2024-05-30,170294270,WARN,LATE_UNBOOKINGS
684,2024-05-25,150833581,WARN,REASSIGNMENTS
685,2024-05-14,168076561,WARN,LATE_UNBOOKINGS
686,2024-05-21,159627993,WARN,NO_SHOWS
687,2024-05-23,168839107,WARN,NO_SHOWS
688,2024-06-07,170295449,WARN,NO_SHOWS
689,2024-05-30,164818830,WARN,NO_SHOWS
690,2024-05-12,159531907,WARN,LATE_UNBOOKINGS
691,2024-05-19,159133549,WARN,NO_SHOWS
692,2024-05-13,144921970,WARN,REASSIGNMENTS
693,2024-05-22,169205537,WARN,COURIER_NOT_MOVING
694,2024-05-25,161272012,WARN,NO_SHOWS
695,2024-06-08,154046279,WARN,NO_SHOWS
696,2024-06-03,170215587,WARN,COURIER_NOT_MOVING
697,2024-05-22,169205567,WARN,LATE_UNBOOKINGS
698,2024-05-22,169945226,WARN,NO_SHOWS
699,2024-06-08,169945216,WARN,LATE_UNBOOKINGS
700,2024-06-08,167879941,WARN,COURIER_NOT_MOVING
701,2024-06-05,170609268,WARN,LATE_UNBOOKINGS
702,2024-06-05,170643786,WARN,NO_SHOWS
703,2024-05-13,163911194,WARN,LATE_UNBOOKINGS
704,2024-05-29,170295445,WARN,LATE_UNBOOKINGS
705,2024-06-05,170609260,WARN,COURIER_NOT_MOVING
706,2024-05-17,169564163,WARN,NO_SHOWS
707,2024-05-13,151259503,WARN,LATE_UNBOOKINGS
708,2024-06-05,170643787,WARN,NO_SHOWS
709,2024-05-15,167777326,WARN,LATE_UNBOOKINGS
710,2024-05-14,169560489,WARN,LATE_UNBOOKINGS
711,2024-05-15,169605654,WARN,LATE_UNBOOKINGS
712,2024-05-26,168005455,WARN,NO_SHOWS
713,2024-05-21,164318873,WARN,NO_SHOWS
714,2024-05-26,167851226,WARN,COURIER_NOT_MOVING
715,2024-05-21,166433890,WARN,NO_SHOWS
716,2024-05-15,165154955,WARN,NO_SHOWS
717,2024-05-12,157895026,WARN,NO_SHOWS
718,2024-05-22,150833901,WARN,LATE_UNBOOKINGS
719,2024-05-22,160592636,WARN,LATE_UNBOOKINGS
720,2024-05-21,159707783,WARN,REASSIGNMENTS
721,2024-05-12,145428634,WARN,LATE_UNBOOKINGS
722,2024-05-22,161059980,WARN,LATE_UNBOOKINGS
723,2024-06-04,168010175,WARN,NO_SHOWS
724,2024-05-29,166195392,WARN,LATE_UNBOOKINGS
725,2024-06-02,169560484,WARN,NO_SHOWS
726,2024-05-15,162403365,WARN,REASSIGNMENTS
727,2024-05-14,168891604,WARN,NO_SHOWS
728,2024-05-21,124486514,WARN,COURIER_NOT_MOVING
729,2024-05-28,170254062,WARN,NO_SHOWS
730,2024-06-01,167734344,WARN,NO_SHOWS
731,2024-05-28,170261354,WARN,NO_SHOWS
732,2024-06-06,170253660,WARN,COURIER_NOT_MOVING
733,2024-05-30,167777321,WARN,NO_SHOWS
734,2024-05-25,157413165,WARN,NO_SHOWS
735,2024-06-08,168199833,WARN,NO_SHOWS
736,2024-05-27,168397142,WARN,COURIER_NOT_MOVING
737,2024-05-29,169529683,WARN,NO_SHOWS
738,2024-05-26,169564157,WARN,NO_SHOWS
739,2024-05-15,169528076,WARN,NO_SHOWS
740,2024-05-16,166433890,WARN,NO_SHOWS
741,2024-06-07,170590937,WARN,NO_SHOWS
742,2024-06-04,170609276,WARN,NO_SHOWS
743,2024-06-03,169564880,WARN,LATE_UNBOOKINGS
744,2024-05-16,151330181,WARN,NO_SHOWS
745,2024-05-18,168397141,WARN,NO_SHOWS
746,2024-05-14,168010185,WARN,NO_SHOWS
747,2024-05-12,169207328,WARN,NO_SHOWS
748,2024-05-12,169205556,WARN,NO_SHOWS
749,2024-06-04,163909066,WARN,LATE_UNBOOKINGS
750,2024-05-27,167855922,WARN,LATE_UNBOOKINGS
751,2024-05-14,168016037,WARN,LATE_UNBOOKINGS
752,2024-05-23,167734344,WARN,NO_SHOWS
753,2024-06-06,170643804,WARN,NO_SHOWS
754,2024-06-07,161059980,WARN,COURIER_NOT_MOVING
755,2024-06-08,167805979,WARN,NO_SHOWS
756,2024-05-24,167851224,WARN,LATE_UNBOOKINGS
757,2024-05-22,169945748,WARN,NO_SHOWS
758,2024-05-31,170295434,WARN,LATE_UNBOOKINGS
759,2024-05-21,162517787,WARN,LATE_UNBOOKINGS
760,2024-05-19,167857045,WARN,LATE_UNBOOKINGS
761,2024-05-21,168484489,WARN,NO_SHOWS
762,2024-05-31,170433743,WARN,NO_SHOWS
763,2024-05-12,166449370,WARN,NO_SHOWS
764,2024-05-15,168756051,WARN,NO_SHOWS
765,2024-06-01,168891591,WARN,NO_SHOWS
766,2024-05-21,151841154,WARN,NO_SHOWS
767,2024-05-31,159533024,WARN,LATE_UNBOOKINGS
768,2024-06-04,167777309,WARN,LATE_UNBOOKINGS
769,2024-05-14,166136653,WARN,COURIER_NOT_MOVING
770,2024-05-23,169205550,WARN,LATE_UNBOOKINGS
771,2024-05-16,168397131,WARN,COURIER_NOT_MOVING
772,2024-05-12,168485357,WARN,NO_SHOWS
773,2024-05-16,169205542,WARN,NO_SHOWS
774,2024-05-26,164831779,WARN,LATE_UNBOOKINGS
775,2024-05-30,155884607,WARN,LATE_UNBOOKINGS
776,2024-05-31,167851226,WARN,COURIER_NOT_MOVING
777,2024-05-16,169306759,WARN,NO_SHOWS
778,2024-05-29,169152687,WARN,NO_SHOWS
779,2024-05-24,169560493,WARN,LATE_UNBOOKINGS
780,2024-06-05,162378734,WARN,LATE_UNBOOKINGS
781,2024-05-25,164819745,WARN,COURIER_NOT_MOVING
782,2024-05-21,167777313,WARN,LATE_UNBOOKINGS
783,2024-05-26,167849581,WARN,COURIER_NOT_MOVING
784,2024-05-28,166449370,WARN,LATE_UNBOOKINGS
785,2024-05-31,160297030,WARN,REASSIGNMENTS
786,2024-05-22,168484482,WARN,LATE_UNBOOKINGS
787,2024-06-05,167859530,WARN,LATE_UNBOOKINGS
788,2024-05-31,166436090,WARN,LATE_UNBOOKINGS
789,2024-05-14,166394058,WARN,COURIER_NOT_MOVING
790,2024-06-05,148936605,WARN,LATE_UNBOOKINGS
791,2024-05-13,165738709,WARN,NO_SHOWS
792,2024-05-30,169945226,WARN,NO_SHOWS
793,2024-06-01,170295447,WARN,NO_SHOWS
794,2024-05-18,154046279,WARN,AUTO_ASSIGNMENT_OFF
795,2024-05-15,168016050,WARN,LATE_UNBOOKINGS
796,2024-05-12,168490413,WARN,NO_SHOWS
797,2024-05-31,168003479,WARN,REASSIGNMENTS
798,2024-06-01,170261339,WARN,REASSIGNMENTS
799,2024-05-31,162378734,WARN,LATE_UNBOOKINGS
800,2024-06-06,170261333,WARN,NO_SHOWS
801,2024-05-14,168484493,WARN,NO_SHOWS
802,2024-05-14,167861692,WARN,COURIER_NOT_MOVING
803,2024-05-30,168012706,WARN,LATE_UNBOOKINGS
804,2024-06-06,169100777,WARN,NO_SHOWS
805,2024-05-23,169945227,WARN,COURIER_NOT_MOVING
806,2024-06-07,168003479,WARN,REASSIGNMENTS
807,2024-06-01,169428796,WARN,NO_SHOWS
808,2024-05-21,169810559,WARN,NO_SHOWS
809,2024-06-01,167753874,WARN,COURIER_NOT_MOVING
810,2024-05-31,162403365,WARN,COURIER_NOT_MOVING
811,2024-05-25,166449369,WARN,LATE_UNBOOKINGS
812,2024-05-21,141385627,WARN,COURIER_NOT_MOVING
813,2024-05-25,166154707,WARN,REASSIGNMENTS
814,2024-06-05,170645906,WARN,NO_SHOWS
815,2024-05-26,169564163,WARN,NO_SHOWS
816,2024-05-24,166436090,WARN,LATE_UNBOOKINGS
817,2024-05-30,163364038,WARN,LATE_UNBOOKINGS
818,2024-06-02,168891599,WARN,NO_SHOWS
819,2024-05-23,165154461,WARN,LATE_UNBOOKINGS
820,2024-05-25,167721497,WARN,LATE_UNBOOKINGS
821,2024-05-24,159527178,WARN,REASSIGNMENTS
822,2024-05-29,144921970,WARN,NO_SHOWS
823,2024-05-18,163911194,WARN,LATE_UNBOOKINGS
824,2024-05-21,167849581,WARN,COURIER_NOT_MOVING
825,2024-05-18,160471007,WARN,NO_SHOWS
826,2024-05-25,162532771,WARN,REASSIGNMENTS
827,2024-06-08,170611776,WARN,REASSIGNMENTS
828,2024-06-03,166193333,WARN,COURIER_NOT_MOVING
829,2024-05-31,169205564,WARN,NO_SHOWS
830,2024-06-05,150833804,WARN,LATE_UNBOOKINGS
831,2024-06-04,170598675,WARN,LATE_UNBOOKINGS
832,2024-05-22,169945215,WARN,NO_SHOWS
833,2024-06-06,168891591,WARN,NO_SHOWS
834,2024-05-31,133731739,WARN,REASSIGNMENTS
835,2024-05-30,170295435,WARN,NO_SHOWS
836,2024-05-27,169205565,WARN,LATE_UNBOOKINGS
837,2024-05-14,166143209,WARN,LATE_UNBOOKINGS
838,2024-05-18,168016035,WARN,LATE_UNBOOKINGS
839,2024-06-06,159527178,WARN,REASSIGNMENTS
840,2024-06-07,164299274,WARN,NO_SHOWS
841,2024-05-27,168891599,WARN,NO_SHOWS
842,2024-06-05,166436087,WARN,LATE_UNBOOKINGS
843,2024-05-16,150833568,WARN,REASSIGNMENTS
844,2024-05-13,151847382,WARN,LATE_UNBOOKINGS
845,2024-05-24,165640302,WARN,COURIER_NOT_MOVING
846,2024-05-24,167721493,WARN,NO_SHOWS
847,2024-05-24,168076559,WARN,NO_SHOWS
848,2024-06-08,170164497,WARN,NO_SHOWS
849,2024-06-07,164821505,WARN,NO_SHOWS
850,2024-05-15,150828079,WARN,LATE_UNBOOKINGS
851,2024-06-07,150833587,WARN,LATE_UNBOOKINGS
852,2024-05-26,167857045,WARN,LATE_UNBOOKINGS
853,2024-06-03,161130020,WARN,REASSIGNMENTS
854,2024-05-27,159524948,WARN,LATE_UNBOOKINGS
855,2024-05-27,141385627,WARN,COURIER_NOT_MOVING
856,2024-05-31,131976613,WARN,COURIER_NOT_MOVING
857,2024-05-27,145166336,WARN,NO_SHOWS
858,2024-05-31,168010174,WARN,NO_SHOWS
859,2024-05-24,151199488,WARN,LATE_UNBOOKINGS
860,2024-05-28,169205550,WARN,LATE_UNBOOKINGS
861,2024-05-21,150828079,WARN,LATE_UNBOOKINGS
862,2024-05-28,168397126,WARN,LATE_UNBOOKINGS
863,2024-06-05,160293000,WARN,LATE_UNBOOKINGS
864,2024-05-24,164818397,WARN,NO_SHOWS
865,2024-06-08,170598693,WARN,NO_SHOWS
866,2024-05-25,157408460,WARN,NO_SHOWS
867,2024-05-26,167777313,WARN,LATE_UNBOOKINGS
868,2024-05-21,166394058,WARN,COURIER_NOT_MOVING
869,2024-05-15,169564178,WARN,COURIER_NOT_MOVING
870,2024-05-15,114680655,WARN,NO_SHOWS
871,2024-05-15,162378734,WARN,NO_SHOWS
872,2024-05-12,168194130,WARN,LATE_UNBOOKINGS
873,2024-05-31,169563045,WARN,NO_SHOWS
874,2024-05-21,161728789,WARN,COURIER_NOT_MOVING
875,2024-06-02,169205565,WARN,LATE_UNBOOKINGS
876,2024-05-21,140981260,WARN,REASSIGNMENTS
877,2024-05-26,169205557,WARN,NO_SHOWS
878,2024-06-04,170295446,WARN,COURIER_NOT_MOVING
879,2024-05-21,161130020,WARN,REASSIGNMENTS
880,2024-06-04,161760231,WARN,NO_SHOWS
881,2024-05-22,167859533,WARN,LATE_UNBOOKINGS
882,2024-06-06,170430094,WARN,COURIER_NOT_MOVING
883,2024-05-14,167478373,WARN,NO_SHOWS
884,2024-06-07,170735315,WARN,REASSIGNMENTS
885,2024-05-22,169605661,WARN,NO_SHOWS
886,2024-06-08,123706786,WARN,LATE_UNBOOKINGS
887,2024-05-16,150833899,WARN,LATE_UNBOOKINGS
888,2024-06-08,170261347,WARN,NO_SHOWS
889,2024-05-23,167860275,WARN,LATE_UNBOOKINGS
890,2024-05-28,170261329,WARN,NO_SHOWS
891,2024-05-12,158371899,WARN,LATE_UNBOOKINGS
892,2024-06-03,169945231,WARN,NO_SHOWS
893,2024-06-01,161340433,WARN,LATE_UNBOOKINGS
894,2024-05-22,166436500,WARN,LATE_UNBOOKINGS
895,2024-06-04,169564877,WARN,LATE_UNBOOKINGS
896,2024-06-05,170295434,WARN,LATE_UNBOOKINGS
897,2024-05-14,166155688,WARN,REASSIGNMENTS
898,2024-06-04,132660919,WARN,COURIER_NOT_MOVING
899,2024-06-06,170603163,WARN,NO_SHOWS
900,2024-05-19,160585577,WARN,REASSIGNMENTS
901,2024-05-13,168484487,WARN,LATE_UNBOOKINGS
902,2024-05-15,160302444,WARN,LATE_UNBOOKINGS
903,2024-05-16,167518329,WARN,REASSIGNMENTS
904,2024-06-05,168011873,WARN,NO_SHOWS
905,2024-06-01,168397154,WARN,NO_SHOWS
906,2024-05-27,170124704,WARN,COURIER_NOT_MOVING
907,2024-05-25,168844253,WARN,COURIER_NOT_MOVING
908,2024-05-24,167478373,WARN,NO_SHOWS
909,2024-05-25,169822475,WARN,NO_SHOWS
910,2024-05-19,166388777,WARN,LATE_UNBOOKINGS
911,2024-06-08,170215587,WARN,COURIER_NOT_MOVING
912,2024-06-08,166136653,WARN,COURIER_NOT_MOVING
913,2024-05-21,169205564,WARN,NO_SHOWS
914,2024-05-26,151789070,WARN,COURIER_NOT_MOVING
915,2024-05-29,169900054,WARN,NO_SHOWS
916,2024-05-15,169560493,WARN,LATE_UNBOOKINGS
917,2024-06-05,161066334,WARN,NO_SHOWS
918,2024-06-04,167815109,WARN,REASSIGNMENTS
919,2024-06-05,168756051,WARN,COURIER_NOT_MOVING
920,2024-05-16,169563045,WARN,NO_SHOWS
921,2024-05-24,160585577,WARN,REASSIGNMENTS
922,2024-05-13,161272012,WARN,NO_SHOWS
923,2024-05-12,164821505,WARN,NO_SHOWS
924,2024-06-02,166436500,WARN,LATE_UNBOOKINGS
925,2024-05-26,167815596,WARN,NO_SHOWS
926,2024-05-31,148936605,WARN,LATE_UNBOOKINGS
927,2024-05-29,147464127,WARN,NO_SHOWS
